id	text	titles
0	Inhaleren met behulp van de Turbuhaler	Adem langzaam en volledig uit, niet in de Turbuhaler®.
1	Instructies Pantoprazol toedienen via jejunostomie voor thuis	bijspuitpunt
2	Stervensfase	palliatieve zorg
3	Carboplatin_Gemcitabine_Bevacizumab, patiënteninformatie	G B
4	Slokdarm en slikfoto's	Het onderzoek duurt ongeveer vijftien minuten.
5	MRI, Enteroclyse	Naar keuze uit onderstaande voedingslijst
6	Continentiepolikliniek, vragenlijst nachtelijke incontinentie	Naam: Datum:
7	Defecatie expertise centrum (DEF poli)	De afspraak is gepland op: Dag: ………………………………………………………………… Datum: ……………………………………………………………. Tijd:………………………………………………………………….
8	Uitgezaaid melanoom, PIM	5
9	Endeldarmkanker, PIM	3.1 De darm De dikke darm (colon) is het laatste gedeelte van het spijsverteringskanaal en heeft een gemiddelde lengte van 1,5 meter met een diameter van 7,5 cm en ziet er ‘gekarteld’ uit. Vanaf de dunne darm tot aan de anus zien we achtereenvolgens (zie ook afbeelding 1): 1. Blinde darm (coecum) ligt onder de inmonding van de dunne darm (het ileum). Dit heeft een dun wormvormig aanhangsel, de appendix. 2. Dikke darm bestaande uit:  - het opstijgende deel (colon ascendens) dat loopt van de blinde darm naar boven tot onder de lever.  - het dwarse deel (colon transversum) loopt van onder de lever, over de dunne darm en onder de maag door naar links tot aan de milt.  - het afdalende deel (colon descendens) loopt van onder de milt naar beneden tot in het bekken.  - het sigmoïd (colon sigmoideum) loopt met een S-bocht naar het midden van de bekkenholte. 3. Endeldarm (rectum): In het bekken gaat het laatste deel van de dikke darm over in de endeldarm. Dit deel wordt gevuld met ontlasting vanuit het sigmoïd. Door de vulling worden zenuwen geprikkeld, dit ervaart u als aandrang. Het rectum eindigt in de sluitspier (de anus). Afbeelding 1: de darm De wand van de dikke darm bestaat uit drie lagen. Van binnen naar buiten: de slijmvlieslaag, de bindweefsellaag en de dubbele spierlaag. De dikke darm ligt in de buikholte. Deze holte is van binnen bekleed met het buikvlies. Het buikvlies omsluit het grootste deel van de dikke darm. De functie van de dikke darm bestaat uit het onttrekken van vocht en zouten aan de voedselresten. Dit vocht en de zouten worden via het bloed door het lichaam verspreid. Door de onttrekking dikt de massa in en ontstaat de normale ontlasting. In de dikke darm zit een grote hoeveelheid darmbacteriën: de darmflora. Een gezonde darmflora zorgt ervoor dat er geen schadelijke bacteriën kunnen groeien in de darmen. Ook zorgt het ervoor dat de darminhoud gaat gisten. Bij dit gisten komen stoffen vrij die de bewegingen van de dikke darm stimuleren. Bij dit proces komen er ook gassen vrij die in de vorm van winden het lichaam verlaten. 3.2 Wat is endeldarmkanker? We spreken van endeldarmkanker (ook wel rectumkanker of rectumcarcinoom) als een kwaadaardige tumor in de laatste vijftien centimeter van de dikke darm (vanaf de anus) zit. De informatie over endeldarmkanker en dikke darmkanker komt erg overeen. In principe is endeldarmkanker ook dikke darmkanker. Maar de behandeling van een tumor in de endeldarm is anders dan elders in de dikke darm. Darmkanker ontstaat in veel gevallen vanuit goedaardige poliepen. Een poliep is een uitstulping of een verdikking van het slijmvlies dat de binnenkant van de darm bekleedt. Poliepen zijn goedaardige gezwellen, maar sommige kunnen uitgroeien tot kwaadaardige tumoren. De tumor kan steeds verder de darmwand ingroeien en mogelijk doorgroeien naar omliggende organen, zoals de blaas, prostaat, vagina of de baarmoeder. Ook kan de tumor uitzaaien naar de lymfeklieren en via het bloed naar andere organen. Endeldarmkanker zaait via het bloed voornamelijk uit naar de lever en de longen. Er kan ook sprake zijn van uitzaaiing naar het buikvlies, waardoor vocht in de buikholte (ascites) ontstaat. 3.3 De oorzaak De precieze oorzaak van endeldarmkanker is nog niet bekend. Bij niet erfelijke endeldarmkanker lijken zogenoemde omgevingsfactoren een rol te spelen: Het gaat hierbij vooral om voedingspatroon en leefstijl. In 2017 werd er bij ruim 4100 Nederlanders de diagnose endeldarmkanker gesteld en komt vaker voor bij mannen dan vrouwen. Daarnaast zijn er een aantal darmaandoeningen welke een verhoogde kans op dikke darmkanker geven. Mensen met deze aandoeningen (zie hieronder opgesomd) krijgen regelmatig controle onderzoek. Veranderingen in de dikke darm die mogelijk met kanker te maken hebben, zijn dan in een zo vroeg mogelijk stadium op te sporen. Darmaandoeningen die een verhoogde kans op dikke darmkanker geven:  - Chronische ontstekingen van de dikke darm, zoals colitis ulcerosa en de ziekte van Crohn.  - Eerder behandelde dikke darmkanker. Mensen die al eens behandeld zijn voor dikke darmkanker hebben een verhoogd risico om opnieuw een dergelijke tumor te krijgen. Het darmweefsel heeft bij hen een verhoogde neiging tot vorming van een kwaadaardig gezwel.  - Erfelijke vormen van dikke darmkanker. Bij ongeveer vijf tot tien procent van alle patiënten is erfelijke aanleg de oorzaak. In deze families komt darmkanker veel vaker voor dan in andere families. Er zijn verschillende vormen van erfelijke darmkanker. De meest voorkomende erfelijke vormen van darmkanker zijn: 1. Het lynch-syndroom (ook wel Heriditair Non Polyposis Colorectal Carcinoom,kortweg HNPCC genoemd) is de meest voorkomende erfelijke vorm van dikke darmkanker. Bij ongeveer vijf procent van alle patiënten wordt dikke darmkanker veroorzaakt door het Lynch-syndroom. Dikke darmkanker ontstaat bij deze patiënten vaak vóór het vijftigste levensjaar. Dit is een belangrijk verschil met niet-erfelijke vormen van dikke darmkanker, die meestal pas op latere leeftijd ontstaan. 2. Familiaire Adenomateuze Polyposis, komt voor bij ongeveer een procent van alle patiënten met dikke darmkanker. Deze erfelijke ziekte wordt ook wel FAP of kortweg polyposis genoemd. Kenmerkend hierbij is het hebben van honderden poliepen in de dikke darm. Als er veel kanker voorkomt in een familie en er geen genetische oorzaak gevonden wordt, heet het familiare darmkanker. Mensen uit families waar veel dikke darmkanker voorkomt, krijgen regelmatig een darmonderzoek. 3.4 Symptomen De locatie van de tumor in de dikke darm is bepalend voor de klachten. Tumoren in de endeldarm geven vaak bloedverlies bij de ontlasting, verandering van het ontlastingspatroon of een gevoel van loze aandrang, soms gepaard gaande met krampende buikpijn. Als zich rood bloed op de ontlasting bevindt is de oorzaak vaak laag in de darm gelegen, zoals de endeldarm of het laatste gedeelte van de dikke darm. Indien het bloed vermengd is met de ontlasting is de oorzaak veelal hoger in de dikke darm gelegen. 3.5 Het stellen van de diagnose endeldarmkanker Wanneer bij u op basis van de uitslag van het inwendige kijkonderzoek (colonoscopie of sigmoïdoscopie) en de weefselmonsters (biopten) endeldarmdarmkanker is vastgesteld is verder onderzoek nodig. Aanvullend onderzoek is nodig voor het opstellen van een goed behandelingsplan en voor het inschatten van de kans op een curatieve behandeling (een behandeling gericht op genezing). Dit wordt gedaan door de grootte van de tumor (T-stadium) en aangedane lymfeklieren (N-stadium) en metastasen (uitzaaiingen) op afstand (M-stadium) te beoordelen. Met de huidige geavanceerde diagnostische middelen kan de stadiering van endeldarmtumoren redelijk nauwkeurig worden bepaald. Onderzoeken die kunnen volgen zijn: Beeldvormend onderzoek  - CT-abdomen: Het doel van de CT-scan is om de uitbreiding van de tumor vast te leggen en eventuele uitzaaiingen in de lever op te sporen.  - MRI-scan: hierbij wordt het beeld gevormd door gebruik te maken van een magneetveld en radiogolven. Bij dit onderzoek wordt vooral gekeken naar de grootte van de tumor en de aanwezigheid van vergrote lymfeklieren.  - X-thorax: Dit is een röntgenfoto van de borstkas om eventuele uitzaaiingen in de longen op te sporen.  - Colonoscopie: Indien er alleen een sigmoidoscopie is verricht wordt er vaak een aanvullende colonoscopie verricht om de gehele dikke darm te beoordelen op eventuele andere afwijkingen die een behandeling behoeven. Op basis van de uitslagen van deze onderzoeken kan er verder aanvullend onderzoek plaatsvinden. Bloedonderzoek Behalve algemeen bloedonderzoek wordt ook de zogenoemde CEA waarde bepaald. Dit is een tumormarker: een bepaalde stof in het bloed die kan wijzen op de aanwezigheid van kanker. CEA is echter niet specifiek voor darmkanker en is niet altijd verhoogd. Dit bloedonderzoek wordt daarom ook gedaan in combinatie met of in aansluiting op andere onderzoeken. Onderzoeksuitslagen De uitslagen van de onderzoeken zijn binnen twee weken bekend. Uw behandelend specialist bespreekt deze met u, het liefst in het bijzijn van uw familie of naasten. Op basis van de onderzoeksuitslagen en de multidisciplinaire bespreking maakt uw behandelend specialist in overleg met u een behandelplan. De onderzoek uitslagen en uw conditie bepalen het behandeladvies. 3.6 Multidisciplinair oncologisch team Als alle onderzoeken zijn verricht worden de uitslagen besproken in een Multidisciplinair Oncologisch Team. Dit team bestaat uit de oncologisch chirurg, de radiotherapeut-oncoloog, internist-oncoloog, MDL arts, de radioloog, de nucleair geneeskundige, de patholoog, de oncologie verpleegkundige (gastro-enterologie. Al deze disciplines hebben zich gespecialiseerd in endeldarmkanker. Zij werken nauw met elkaar samen om de zorg onderling goed op elkaar af te stemmen. 3.7 Stadia indeling endeldarmkanker De indeling endeldarmkanker wordt bepaald door de TNM classificatie: Tumorgrootte (T), het aantal lymfeklieruitzaaiingen (N) en de uitzaaiingen op afstand (M). Op basis van de TNM classificatie kan er een prognose worden bepaald. De wand van de endeldarm bestaat uit drie lagen. Van binnen naar buiten: de slijmvlieslaag, de bindweefsellaag en de dubbele spierlaag (zie afbeelding 2). In een T1-stadium dringt de tumor binnen in de bindweefsellaag; In een T2-stadium is er een doorgroei tot in de spierlaag; In een T3-stadium is er een doorgroei door de spierlaag; In een T4-stadium is er doorgroei naar de omliggende organen, bijvoorbeeld de prostaat of de blaas. Afbeelding 2: dwarsdoorsnede darm Muscularis propia: twee spierlagen; Serosa adventitia; buitenste darmwand; Interface mucosa slijmvlieslaag; Submucosa: bindweefsellaag. 4. De behandeling van endeldarmdarmkanker De endeldarm bevindt zich diep in de onderbuik, dicht tegen omliggende weefsels aan. Dit zijn de bekkenwand, blaas, prostaat en zaadblaasjes bij de man en de bekkenwand, blaas, baarmoeder en vagina bij de vrouw. Er zijn een aantal behandelingen mogelijk bij endeldarmkanker zoals operatie of een operatie voorafgegaan door bestraling of bestraling gecombineerd met chemotherapie. Welke behandeling voor u het beste is, is afhankelijk van verschillende factoren. De grootte en de plaats van de tumor zijn hierbij van groot belang. Daarnaast spelen zaken zoals lichamelijke en/of geestelijke conditie een rol en het al dan niet aanwezig zijn van uitzaaiingen. Uw behandelend specialist bespreekt de verschillende mogelijkheden met u. 4.1 Behandelingen bij endeldarmkanker Bij endeldarmkanker is een operatie de meest toegepaste behandeling.  - Bij een zeer kleine tumor in de endeldarm is het mogelijk om via de anus (transanaal) de tumor te verwijderen. Een techniek is de TEM (Transanale Endoscopische Microchirurgie). Indien deze behandeling voor u geschikt is, wordt u verwezen naar een gespecialiseerd centrum.  - Bij een kleine tumor die niet transanaal verwijderd kan worden, wordt een operatie verricht via de buik. Bij deze behandeling is geen bestraling nodig.  - Wanneer de tumor zich verder in de darmwand heeft uitgebreid, is het noodzakelijk om voorafgaand aan de operatie te bestralen. Dit is een uitwendige bestraling, die in principe vijf keer plaatsvindt op de afdeling radiotherapie van het Medisch Spectrum Twente te Enschede. De week daarop volgend of na een periode van een aantal weken wordt u geopereerd.  - Als de tumor door de darmwand heen is gegroeid of als uit de MRI-scan blijkt dat er meerdere lymfeklieren zijn aangetast (maar de tumor niet naar andere organen op afstand, zoals de lever en/of de longen is uitgezaaid) is het noodzakelijk om langer vooraf te bestralen. Deze bestraling is ook uitwendig en duurt ongeveer vijf weken . Daarnaast krijgt u chemotherapie in tabletvorm voorgeschreven. Hiervoor wordt u verwezen naar de internist-oncoloog en de radiotherapeut. Vervolgens wordt u ongeveer acht tot twaalf weken later geopereerd. Hoofdbehandelaarschap bij een voorbehandeling Voor de behandeling met chemotherapie en radiotherapie wordt u door de chirurg van ZGT verwezen naar de internist-oncoloog en radiotherapeut. De internist-oncoloog is vanaf dat moment de hoofdbehandelaar. De radiotherapeut is tijdens deze periode medebehandelaar. Dit betekent dat hij of zij uw aanspreekpunt is bij mogelijke bijwerkingen die eventueel tijdens de bestralingsperiode kunnen ontstaan. Als u na de chemo,- en radiotherapie een bezoek brengt aan de chirurg neemt hij het hoofdbehandelaarschap van de internist-oncoloog over en voert hij de regie over het verdere medische behandel- en nazorgtraject. Er zijn drie verschillende operatietechnieken mogelijk bij endeldarmkanker. 1. Low Anterior Resectie (LAR) Bij tumoren die wat hoger in de endeldarm liggen, kan de chirurg voor deze techniek kiezen. Hierbij wordt de endeldarm alleen via de buik benaderd. 2. Transanale-totale mesorectale excisie (TA-TME) Deze operatie wordt toegepast om tumoren te verwijderen die zich laag in de endeldarm bevinden. De chirurg opereert hierbij zowel via openingen in de buik (kijkoperatie), als via de anus. Via deze techniek is vooral het lager gelegen deel van de endeldarm nauwkeuriger bereikbaar. 3. Abdomino-Perineale Rectumextirpatie (APR) of rectumamputatie Deze benadering wordt meestal gekozen bij tumoren die laag in de endeldarm liggen, zo dicht bij de anus dat deze mee moet worden verwijderd. Bij deze operatie wordt zowel via de buik als via het perineum (dit is bij mannen het gebied tussen het scrotum en anus en vrouwen het gebied tussen vulva en anus) geopereerd. Na de operatie bevindt zich dus ook in dit gebied een wond. Bij al deze operaties verwijdert de chirurg niet alleen het aangedane deel van de endeldarm, maar ook het omliggende vetweefsel waarin zich lymfeklieren bevinden. Dit heet een Total Mesorectal Excision (TME). Behalve de tumor worden dus ook de lymfklieren verwijderd die behoren bij het deel van de endeldarm waarin de tumor zich bevindt. Op die manier maakt hij de kans op het terugkeren van het gezwel in het operatiegebied zo klein mogelijk. Achter dit vetweefsel lopen echter zenuwen die zorgen voor seksuele en urineblaasfuncties. Tijdens de operatie wordt geprobeerd deze zenuwen zo veel mogelijk te sparen. Afhankelijk van de grootte, de uitgebreidheid en de plaats van de tumor kan de operatie op de traditionele (open) manier plaatsvinden met een grote snee in uw buik of door middel van een kijkoperatie (laparoscopische operatie) waarbij een kijkbuis en andere operatie-instrumenten via enkele gaatjes in uw buik naar binnen worden gebracht. Bij de keuze voor een operatietechniek spelen ook lichamelijke en/of geestelijke conditie een rol en de eventueel aanwezige uitzaaiingen. Uw behandelend specialist bespreekt de verschillende mogelijkheden met u. Soms is het noodzakelijk om voorafgaand aan de bestraling en/of operatie alvast een stoma (een darmuitgang in de buikwand) aan te leggen. Dit gebeurt als de tumor de darm dreigt af te sluiten, als u veel aandrang heeft of als er zeer vaak ontlasting komt. Bij de meeste endeldarmoperaties wordt een stoma aangelegd. Dit kan een stoma zijn om de aansluiting die is gemaakt te beschermen. Dit is dan vaak een dunne darm stoma. Het kan ook een definitief stoma zijn. Deze wordt vaak op de dikke darm aangelegd. U kunt zelf bijdragen aan een goed resultaat van de operatie. Voor een goede wondgenezing is het van belang dat u stopt met roken. Indien stoppen met roken niet lukt, kan de oncologieverpleegkundige of huisarts hierbij adviseren. Ook een goede voedingstoestand en conditie helpen mee aan een sneller herstel. De oncologieverpleegkundige brengt de voedingstoestand in kaart en vraagt zo nodig de diëtiste in consult. De conditie kan verbeterd worden door meer te gaan wandelen en fietsen. Ook hier kan de oncologieverpleegkundige zorgen voor een verwijzing naar de fysiotherapie om de conditie te verbeteren. Pre operatieve screening door geriater Patiënten die ouder zijn dan zeventig jaar, kunnen een verhoogde mate van kwetsbaarheid hebben. Binnen ZGT hebben wij aandacht voor de kwetsbare oudere. Met een vragenlijst bepalen wij de mate van kwetsbaarheid. Bij een verhoogde kwetsbaarheid wordt u verwezen naar de geriater. De geriater stelt u een aantal vragen en doet lichamelijk onderzoek. Hij bespreekt de bevindingen met uw medisch specialist. Leverchirurgie Verdere behandelmogelijkheden die worden toegepast bij endeldarmkanker met leveruitzaaiingen zijn leverchirurgie en HIPEC. Leverchirurgie is onder andere mogelijk omdat de restlever de capaciteit heeft wederom aan te groeien zodat de vitale functies kunnen worden gewaarborgd. Leverchirurgie is echter niet altijd mogelijk. Dit is mede afhankelijk van het aantal leveruitzaaiingen en de plaats waar de uitzaaiingen zich bevinden. Als er zich alleen in het buikvlies kankercellen bevinden, kan de patiënt behandeld worden met HIPEC (Hypertherme Intraperitoneale Chemotherapie). Dit is een combinatie van chemotherapie en chirurgie waarbij de chirurg tijdens de operatie eerst alle zichtbare tumoren verwijdert en daarna wordt de chemotherapie toegediend.Hiervoor wordt u naar een gespecialiseerd centrum verwezen. Mogelijke complicaties Bij elke operatie kunnen er complicaties optreden. Zo ook bij een operatie aan de endeldarm. Complicaties die kunnen optreden zijn: infectie, nabloeding, wondproblemen, trombose, longembolie, hart- en vaatproblemen of een longontsteking. Daarnaast bestaat het risico op complicaties die specifiek gelden voor deze operatie, zoals een naadlekkage. Dit is een probleem in de wondgenezing van de naad. De wondgenezing kan verstoord worden door onder andere een slechte voedingstoestand, suikerziekte, roken, overgewicht, hoge leeftijd en hart- en vaatziekten. Door de moeizame wondgenezing kan de inhoud van de darm in de buik lopen en dit kan tot ernstige ontstekingen leiden zoals een buikvliesontsteking. De symptomen die kunnen optreden zijn: buikpijn, bolle, gespannen buik, misselijkheid, braken en koorts. Indien er sprake is van een naadlekkage bestaat de kans dat u opnieuw geopereerd moet worden. Dan wordt er in principe een (tijdelijk) stoma aangelegd. Overigens is een naadlekkage niet mogelijk bij een APR, aangezien in deze gevallen geen naad aanwezig is. Daarnaast kan het voorkomen dat de darmen na de operatie niet goed op gang komen. De darmpassage stagneert en er ontstaat een belemmerde darmwerking (ileus). Ook kan een zogenaamde platzbauch voorkomen. Dit is het openspringen van de gehechte buikwand. De kans hierop is bij een kijkoperatie heel erg klein. Gevolgen voor de seksualiteit Bij het aangedane deel van de endeldarm worden ook het omliggende vetweefsel en lymfeklieren verwijderd. Achter dit weefsel lopen zenuwvezels die zorgdragen voor een aantal seksuele en urineblaasfuncties. De zenuwen worden tijdens een operatie zoveel mogelijk gespaard. Toch kunnen ze beschadigd raken door de operatie en de radiotherapie. Dit kan problemen veroorzaken. Bij mannen kunnen deze problemen bestaan uit erectie- en ejaculatiestoornissen. Bij vrouwen kan dit problemen geven in de vorm van pijn bij seksuele activiteit. Bij de meeste endeldarmoperaties wordt een stoma aangelegd. Naast de eventuele complicaties zoals zenuwbeschadiging kan ook het hebben van een stoma effect hebben op het seksueel functioneren, zowel geestelijk als lichamelijk. In welke mate problemen met betrekking tot seksualiteit optreden, is niet precies van tevoren te voorspellen. Indien er zich bij u na de operatie seksuele problemen voordoen, dan kunt u dit altijd met uw behandelend specialist, oncologieverpleegkundige of de stomaverpleegkundige bespreken. Overige gevolgen van de ingreep Het ontlastingspatroon kan in de eerste maanden na de operatie onregelmatig zijn. Dit hoeft niet altijd blijvend te zijn. Na een LAR of TA-TME operatie kan een low anterior resectie syndroom (LARS) ontstaan. Dit is een verzamelnaam voor klachten die na de operatie kunnen voorkomen zoals frequente stoelgang, incontinentie van ontlasting of het hebben van waterdunne ontlasting. We proberen de mate van klachten in beeld te brengen met behulp van de LARS-scorelijst. Indien u na de operatie klachten herkent die kunnen passen bij het LARS syndroom, kunt u deze met uw behandelend specialist, oncologieverpleegkundige of stomaverpleegkundige bespreken. Er wordt dan gestart met een behandeling om de klachten onder controle te krijgen. 4.2 Chemotherapie bij endeldarmkanker met uitzaaiingen Chemotherapie wordt overwogen bij endeldarmkanker in een gevorderd stadium waarbij de tumor is uitgezaaid naar bijvoorbeeld de lymfeklieren, longen, lever en/of het skelet. Het gaat hierbij niet meer om een genezende behandeling. Voor een behandeling met chemotherapie wordt u verwezen naar de internist-oncoloog. In een aparte Patiënten Informatie Map Chemotherapie leest u meer over deze behandeling en de eventuele bijwerkingen. 4.3 Afzien van een behandeling Het kan gebeuren dat bij u of bij uw specialist de indruk bestaat, dat de belasting of de mogelijke bijwerkingen of gevolgen van een behandeling niet (meer) opwegen tegen de te verwachten resultaten. Als u twijfelt aan de zin van (verdere) behandeling dan kunt u dit in alle openheid met uw specialist bespreken. Iedereen heeft het recht om af te zien van verdere behandeling. Uw specialist blijft u de noodzakelijke medische zorg geven in samenspraak met uw huisarts. Als er geen genezende behandeling mogelijk is Als genezing niet mogelijk is, bespreken de chirurg en de oncologieverpleegkundige samen met u en uw partner of naasten het verdere behandelplan. De chirurg verwijst u naar de internist-oncoloog. Dan is de behandeling gericht op problemen die zich voor kunnen doen zoals pijnklachten, vermoeidheid, conditieverlies of problemen met de voeding. 5. Psychosociale begeleiding Als u te horen krijgt dat u endeldarmkanker heeft, roept dit waarschijnlijk veel vragen en emoties op. Zowel voor uzelf, als voor uw naasten, is het een spannende tijd. De medewerkers van de afdeling chirurgie en oncologie ondersteunen u zoveel mogelijk. Op deze pagina leest u wat u op de verschillende momenten van hen mag verwachten. Daarnaast vindt u informatie over andere organisaties die u begeleiding en informatie kunnen geven. Lastmeter De lastmeter biedt u de mogelijkheid om aan de specialist of oncologieverpleegkundige te laten weten hoe het met u gaat. Het kan helpen in gesprek te gaan over zorgen of problemen die u door uw ziekte en/of behandeling ervaart. De oncologieverpleegkundige en de verpleegkundig specialist vragen u op bepaalde momenten de lastmeter in te vullen. Vervolgens worden de door u gegeven antwoorden besproken en mocht dit nodig zijn, passende hulp geboden. Begeleiding tijdens de fase van onderzoek en behandeling Tijdens deze fase hebben de meeste patiënten en hun naasten behoefte aan voorlichting en advies op maat. Er zijn verschillende behandelmogelijkheden. In het gesprek met de chirurg kunnen de ‘3 goede vragen’ u helpen om een weloverwogen keuze te maken. De ‘3 goede vragen’ zijn: ‘wat zijn mijn mogelijkheden?’, ‘wat zijn de voor- en nadelen van die mogelijkheden?’ en ‘wat betekent dat in mijn situatie?’. De oncologieverpleegkundige bespreekt de gegeven informatie met u na, geeft eventueel aanvullende informatie en geeft voorlichting en advies over psychosociale begeleiding. Na de behandeling Soms hebben patiënten na een periode van onderzoek en behandeling moeite om de draad van het dagelijks leven weer op te pakken. Dit kan gepaard gaan met gevoelens van angst, onzekerheid en onrust. Om weer grip op uw situatie te krijgen, kunt u het volgende ondernemen:  - (Meer) informatie zoeken via internet (zie hoofdstuk 7).  - Professionele (medische) hulp of psychische ondersteuning zoeken bij uw huisarts of binnen het ziekenhuis bij de maatschappelijk werker, psycholoog of geestelijk verzorger. De lastmeter kan hierin een goed hulpmiddel zijn.  - Deelnemen aan een oncologisch revalidatieprogramma. In het volgende hoofdstuk leest u hier meer over. 6. Oncologische revalidatie Veel patiënten met kanker kampen tijdens en na de behandeling met klachten zoals vermoeidheid, conditieverlies, pijn, emotionele instabiliteit en depressie. Revalidatie kan een groot deel van de (ex-) kankerpatiënten helpen om de gevolgen van ziekte en behandelingen boven te komen. In Nederlandse studies is aangetoond dat kankerpatiënten met revalidatie een betere kwaliteit van leven hebben dan patiënten die niet revalideren. Afhankelijk van uw situatie en hulpvraag zijn allerlei therapiecombinaties mogelijk, onder meer:  - Training onder begeleiding van een fysiotherapeut. Zo verbetert u uw conditie en spierkracht. Een trainingsprogramma is vaak een combinatie van kracht en conditietraining. Soms aangevuld met sport en spel.  - Praten met een psycholoog of maatschappelijk werker is soms een mogelijkheid. Als u psychisch meer weerstand opbouwt, kunt u het dagelijks leven beter aan. Ook als u heel erg vermoeid blijft, helpen zij u verder.  - Een bezoek aan een diëtiste die u voedingstips geeft om weer op krachten te komen. Voor bovenbeschreven therapieën kunt u binnen het ziekenhuis terecht. Als er sprake is van meervoudige en/of complexe problematiek dan is behandeling onder begeleiding van een revalidatiearts nodig. U kunt zowel zelfstandig als in een groep revalideren. Revalideren is mogelijk tijdens de behandeling en daarna. Ook als u niet meer kunt genezen heeft revalidatie zin. Revalidatie is erop gericht klachten tijdens de verschillende fasen van het ziekteproces te voorkomen of te verminderen. In het programma wordt gewerkt aan het opnieuw vertrouwd raken met het eigen lichaam, het ontdekken van bewegingsmogelijkheden, (arbeids)re- integratiemogelijkheden en het verwerken van het ziekteproces, onder andere door lotgenotencontact. Afhankelijk van uw situatie kunt u te maken krijgen met een revalidatiearts, fysiotherapeut, ergotherapeut, psycholoog, maatschappelijk werker en logopedist. Bespreek met uw specialist of oncologieverpleegkundige waar u last van heeft en welke ondersteuning u wilt. Ze geven u advies en kunnen u verwijzen naar een zorgverlener of revalidatieprogramma. 7. Overzicht nuttige websites Er zijn verschillende organisaties die u kunnen informeren over endeldarmkanker en alles daaromheen. Ze kunnen u ondersteunen bij het omgaan met uw ziekte. In dit hoofdstuk vindt u een opsomming. ZGT (Ziekenhuis Groep Twente) www.zgt.nl/darmkanker Radiotherapeutisch Instituut Medisch Spectrum Twente, Enschede www.mst.nl/radiotherapie Voorlichtingscentrum KWF Kankerbestrijding KWF Kankerbestrijding zet zich in op het gebied van wetenschappelijk onderzoek, voorlichting, patiënten ondersteuning en fondsenwerving. Via de website kunt u ook folders bestellen over de verschillende soorten kanker, de behandelingen en algemene onderwerpen. www.kwf.nl Nederlandse Federatie van Kankerpatiëntenorganisaties (NFK) Bij de Nederlandse Federatie van Kankerpatiëntenorganisaties kunt u informatie krijgen over patiëntenorganisaties voor mensen met een bepaalde soort kanker. www.nfk.nl KWF Kankerbestrijding en de Nederlandse Federatie van Kankerpatiëntenorganisaties hebben ook een gezamenlijke website: www.kanker.nl Stichting voor Patiënten met Kanker aan het Spijsverteringskanaal (SPKS) De SPKS is bedoeld voor mensen met kanker in het spijsverteringskanaal, zoals dikkedarmkanker. Naast het bevorderen van lotgenotencontact, verzamelt en verstrekt de stichting informatie over nieuwe ontwikkelingen op medisch en sociaal gebied. www.spks.nl Stichting Lynch- Polyposis De stichting Lynch- Polyposis is een contactgroep voor patiënten, partners, kinderen en familieleden die met de erfelijke aandoening Heriditair Non Polyposis Colorectal Carcinoom (HNPCC) ofwel het Lynch-syndroom zijn geconfronteerd. https://nfk.nl/organisaties/stichting-lynch-polyposis Stichting Jongeren en Kanker (SJK) Stichting Jongeren en Kanker wil jongeren tussen de 15 en 35 jaar die met kanker te maken krijgen ondersteunen en de ontmoeting tussen deze jongeren mogelijk maken. De stichting wil geen medische vraagbaak zijn, maar een rol spelen in de verwerking. www.jongerenenkanker.nl Stichting Nationaal AYA’s (Adolescents & Young Adults) AYA’s zijn jonge mensen die tussen de 18 en 35 jaar voor het eerst te horen krijgen dat ze kanker hebben. AYA focust zich op kwaliteit van leven van AYA’s tijdens en na de kanker. https://aya4net.nl/ Betrouwbare informatie over ziekte en gezondheid wat is gemaakt door huisartsen kunt u vinden op de site: thuisarts.nl Onderstaande link bevat informatie over endeldarmkanker. https://www.thuisarts.nl/darmkanker/ik-krijg-operatie-om-endeldarmkanker-te-genezen De Nederlandse Stomavereniging De Nederlandse Stomavereniging stelt zich ten doel het bevorderen van een zo gunstig mogelijke lichamelijke, psychische en sociale conditie van mensen met een stoma of pouch en mensen die een stoma hebben gehad. www.stomavereniging.nl Inloophuizen voor mensen met kanker Inloophuizen voor mensen met kanker bieden een plek waar mensen tijdens en na een behandeling vanwege kanker terecht kunnen voor een luisterend oor van een getrainde vrijwilliger. Inloophuizen organiseren ook activiteiten bijvoorbeeld op het gebied van yoga, massage, ontspanning, lotgenotencontact, creativiteit en lezingen. Het Alma Inloopershuis Het Alma inloopershuis wordt georganiseerd vanuit een stichting en gerund door een coordinator en geschoolde vrijwilligers. Je kunt gedurende je hele ziekteproces en daarna terecht bij het Alma Inloopershuis. Locatie: ZGT Almelo Zilvermeeuw 14, 7609 RZ Almelo Tel: 0546 62 72 03 info@almainloopershuis.nl Inloophuis Stichting Vechtgenoten Beerzerweg 5D, 7731 PA Ommen Tel: (0592) 455767 of 0639032263 www.vechtgenoten.nl Het Nije Huis te Hengelo Het Nije huis, is een inloophuis voor iedereen die kanker heeft (gehad) én hun naasten! Het Nije huis is onderdeel van de Nije Stichting. tel: 074 - 2772772 Email:info@denijestichting.nl http://www.denijestichting.nl/het+nije+huis Internettherapie Minder moe bij kanker(Helen Dowling Instituut) De internettherapie www.mindermoebijkanker.nl is ontwikkeld door het Helen Dowling Instituut in Utrecht en werd op 17 november 2009 door dr. Els Borst, voorzitter van de NFK (Nederlandse Federatie van Kankerpatiëntorganisaties) officieel gelanceerd. Het Helen Dowling Instituut in Utrecht biedt begeleiding aan mensen met kanker en hun naasten om hen te helpen de ziekte emotioneel te verwerken. Daarnaast verricht het HDI wetenschappelijk onderzoek en biedt scholing aan artsen en verpleegkundigen in de oncologie. http://www.mindermoebijkanker.nl 8. Aantekeningen
10	Borstvoeding aan de prematuur geboren baby	Lactatiekundigen nvlborstvoeding.nl
11	Dacryocystografie, patiëntvoorbereiding	Het onderzoek duurt 15 - 30 minuten.
12	Spirografie en residubepaling zonder medicatie	Met dit onderzoek wordt uw longfunctie gemeten.
13	Echo ablatie schildkliercyste (ethanol)	De behandeling duurt ongeveer 20 minuten.
14	Tapestry studie, patiënteninformatie	-
15	Cisplatin_Gemcitabine kuur (wekelijks)	G
16	Inhaleren met een voorzetkamer met masker	Bekijk eventueel het instructiefilmpje op: www.inhalatorgebruik.nl
17	Tripple B studie, arm 2c, Paclitaxel Atezolizumab	2 3 4 5 6 7 8 9 10 11 12 13 14 15 16 17 18 19 20 21 22 23 24 25 26 27 28 P A
18	Eiwitvariatielijst	7 1 volkoren knäckebröd 1 1 ei 6
19	CHOP, patiënteninformatie	2 3 4 5 6 7 8 9 10 11 12 13 14 15 16 17 18 19 20 21 C H O P
20	Carboplatin etoposide, patiënteninformatie	2 3 4 5 6 7 8 9 10 11 12 13 14 15 16 17 18 19 20 21 C E
21	Lokalisatie van de tumor bij borstkanker (d.m.v Jodiumzaadje)	Het onderzoek duurt ongeveer 30 minuten.
22	Cyclofosfamide_methotrexaat_fluorouracil	M F
23	Uitgezaaid melanoom, PIM	7
24	Continentiepolikliniek, vragenlijst	Naam:
25	Maagkanker, PIM	De maag als onderdeel van het spijsverteringskanaal ............................................. 5
26	Defeacografie	Het onderzoek duurt ongeveer dertig minuten.
27	Cystogram	De blaas dient leeg te zijn voor het onderzoek
28	Kolven	lalecheleague.nl
29	Obductie, informatie voor nabestaanden	Informatie voor nabestaanden
30	Tredmolenonderzoek	Het onderzoek duurt 45 minuten.
31	Hyperhidrosis (overmatig zweten)	“Mijn naam is Merel. Ik ben 36 jaar en woon samen met mijn vriend in Amsterdam. Overmatig zweten doe ik al mijn hele leven. Niet alleen mijn handen en oksels, maar bij lichte inspanning of warmer weer ook op mijn gezicht, rug, buik en borsten. Ja, waar zweet ik eigenlijk niet? Ik heb dit al sinds ik me kan herinneren. Als klein meisje van 8 jaar gooide ik met smashen al tennisrackets kapot op de baan, simpelweg omdat het racket uit mijn handen gleed. Maar ook waren tennisrokjes binnen no time volledig doorweekt. Op iets latere leeftijd werd ik me enorm bewust van mijn natte handen omdat ik vriendjes kreeg die ik niet durfde aan te raken. Bang als ik was dat ze me uit zouden lachen of niets meer van me wilden weten. Tijdens mijn studententijd vond ik uitgaan geweldig maar maakte flink drinken het een stuk gemakkelijker om me minder bewust te zijn van mijn natte kleren en altijd natte hoofd en haar. Sinds ik werk (als marketeer) is het feit dat ik veel mensen de hand moet schudden een ware crime voor me. Ik ben nooit zenuwachtig voor de gesprekken die ik moet voeren, ook niet voor bijvoorbeeld sollicitatiegesprekken, maar wel altijd voor mijn handen. Omdat ik nooit weet hoe erg ze zullen transpireren. Soms is dit een beetje en dan ben ik erg opgelucht maar soms ook staat het water erin. Toch heeft mijn gezweet er nooit voor gezorgd dat ik een baan niet kreeg die ik wilde, een jongen niet voor me kon winnen waar ik verliefd op was of dat ik sociaal geïsoleerd raakte. Ik ben ervan overtuigd dat dit komt omdat ik van nature een zeer positief en vrolijk persoon ben, ik van huis uit veel zelfvertrouwen heb meegekregen en ik gezegend ben met een aantal talenten (waaronder tennis), waardoor ik van jongs af aan regelmatig op een positieve manier in het middelpunt van de belangstelling stond. Wel bestond elke dag uit het verbergen van mijn ‘handicap’. Veel zwarte kleren dragen, nooit blouses, het liefst twee lagen over elkaar, onder een jasje altijd iets met lange mouwen. Bij gesprekken en vergaderingen die werden afgesloten met het geven van een hand, vlak voor het einde nog even naar de wc glippen zodat ik mijn handen nog even droog kon maken. In het verbergen was ik zo’n ster geworden dat zelfs goede vrienden geen idee hadden met welk probleem ik elke dag worstelde. Alleen mijn ouders, broer en vriend waren op de hoogte. Het zit bij ons in de familie, aan mijn moeders kant. Mijn oma heeft eens tegen mijn moeder gezegd: “Kind, wen er maar aan, want het wordt nooit anders. Mijn moeder had het ook al en het gaat mee tot in je graf”. Behalve mijn oma heeft ook mijn moeder hetzelfde als ik met uitzondering van haar handen, die zijn droog. En een zus van haar is eigenlijk altijd overal heel snel nat. Het was dan ook iets waarvan ik niet beter wist dan dat ik er maar mee moest leren leven. Tot een jaar geleden. Mijn moeder las een artikel in de Gelderlander over overmatig transpireren en over Sudor in Almelo waar een aantal chirurgen zich in dit fenomeen hadden gespecialiseerd. Ze stuurde het naar me op. Ineens bleek dat mijn gezweet een naam had, dat het hyperhidrosis heet en dat het een aandoening is waar een klein percentage van de Nederlanders last van heeft. Dat was een hele openbaring. Je blijkt niet de enige te zijn en mooier nog: er is misschien iets aan te doen. De internetsite van Sudor had ik snel gevonden. Ik meldde me aan voor een intake- gesprek door het invullen van een vrij uitgebreide vragenlijst. Een paar maanden later had ik in Almelo het gesprek met een van de twee gespecialiseerde chirurgen, dokter Raymakers. Hij vertelde me uitgebreid over de mogelijkheden en de verschillende opties. Maar ook de risico’s die er aan de verschillende opties kleven. Voor mij stond al heel snel vast dat als ik iets zou doen dat het dan de operatie zou zijn. Ik zag mezelf niet zo gauw een paar keer per week met mijn handen en oksels in een bak met water onder stroom zitten (iontoferese) of mijn handen laten botoxen. Dat laatste werkt vaak maar relatief kort, is daarom onbetaalbaar en kan ook nog eens heel pijnlijk zijn of de kracht in je handen verminderen. Maar ook de operatie geeft risico’s waarbij de belangrijkste compensatoir zweten is, dus extra veel gaan zweten op andere plaatsen op je lichaam. Fijn, ik had genoeg om over na te denken de dagen na het gesprek. Maar ik was er snel uit. Ik ging het doen. En dat liet ik Sudor weten. De inschatting was dat ik ongeveer een half jaar later aan de beurt zou zijn. Dat zou januari 2007 zijn. Het wachten was begonnen. Eind 2006 besloot ik eens op internet te gaan surfen op zoek naar extra informatie. Ik vond van alles. In allerlei landen bleken forums te zijn waarop mensen hun lief en leed over hyperhidrosis met elkaar delen. Hele aangrijpende verhalen. Ik werd er zeer emotioneel van en heb menige traan gelaten zittende achter mijn computer. Er waren veel mensen waarbij de hyperhidrosis veel erger is dan bij mij. Ik heb het weliswaar op veel plekken, waarbij ik veruit mijn handen het allerergst vind maar hier las je over mensen waarbij de druppels zweet gewoon van hun vingers vielen. Ik ging hierdoor toch een beetje twijfelen. Had ik wel recht van spreken? Wat stelde mijn probleem nou helemaal voor vergeleken met hen? Was het de risico’s wel waard? Wat als ik na de operatie ineens bij geen inspanning op mijn gezicht zou gaan zweten? Dus droge handen maar wel een zwetend gelaat? Een korte periode van onzekerheid brak aan. Maar het ongemak en de zenuwen over mijn handen waren er nog elke dag. Ik stuurde een mailtje naar Sudor met allerlei vragen over compensatoir zweten. Ik kreeg een eerlijk antwoord terug over de kansen hierop en welke delen van het lichaam hier het meeste last van hebben. Het feit dat als het gebeurt dit meestal op het onderlichaam is, heeft de doorslag gegeven. Ik ging het definitief doen. Zaterdag 17 februari 2007 was het zover. De dagen van tevoren wilde ik maar niet zenuwachtig worden. Op de dag zelf ook niet. Ik keek er teveel naar uit dat er een kans bestond dat ik geen zwetende handen meer zou hebben. Geen zwetende oksels en geen zwetend gezicht bij een beetje inspanning of warmte zou mooi meegenomen zijn. ’s Morgens om kwart over 8 was ik in het ziekenhuis. Ik werd opgevangen door Caroline van Aken en de fotograaf. Ik zou immers de hele dag gefotografeerd worden, tot in de OK toe. Vrij snel werd ik voorgesteld aan de dienstdoende zuster, een zeer kordate, vriendelijke vrouw die eerder met het bijltje van zwetende mensen had gehakt. Nadat zij me mijn bed had gewezen, moest ik hier eigenlijk al meteen in om naar de preparatiezaal gereden te worden. Daar kreeg ik een infuus en kwam dokter Raymakers langs. Hij zei dat ik nog maar even afscheid moest nemen van mijn zweethanden want straks zouden ze warm en droog zijn. Daarna op naar de OK. Pas daar werd ik een heel klein beetje zenuwachtig. Maar eigenlijk ook niet echt. Heeft ook geen zin want voor je het weet ben je onder zeil. Het volgende moment kwam ik alweer langzaam bij in de uitslaapkamer. Met droge handen. Dat is echt ongelooflijk! Dat dit meteen na de operatie zo is, dat is niet te bevatten. Terug op de kamer bleken de andere twee vrouwen ook droog. Jenny droge handen, Kim droge oksels. Met zijn drieën hadden we weliswaar pijn maar waren we o zo gelukkig. Bij mij kon de morfinepomp en het infuus er aan het begin van de avond al af. Ik had wel pijn, maar die was minder dan ik verwacht had. ’s Nachts kon ik echter niet slapen. Het was warm, ademen ging heel moeilijk en ik kon alleen maar op mijn rug liggen. Maar het deerde me niets want mijn handen en oksels waren droog. De volgende morgen kwam de longarts langs voor een laatste check. Daarna konden we naar huis. Aankleden was zwaar, het ademen ging nog steeds moeilijk en borst en rug deden pijn. De pijn was bij mij na twee dagen echter al een heel stuk minder. Dinsdagmiddag kreeg ik echter de schok van mijn leven. Mijn handen transpireerden enorm en produceerden geen normaal vocht maar een soort kleverige slijmlaag, het was net slechtplakkende lijm. Ik was helemaal in paniek omdat ik begrepen had dat als je handen droog zijn na de operatie je hooguit de eerste weken nog op een paar plekjes op je hand iets vochtiger bent. Een zeer emotionele dag brak aan waarin ik heen en weer werd geslingerd door gedachten dat alles voor niets was geweest tot het geloof dat het wel goed zou komen. Woensdag was het zweten gelukkig al veel minder en de gekke slijmlaag verdwenen. Ik werd weer rustiger. Wel Sudor gebeld omdat ik graag dokter Raymakers zelf wilde spreken om te horen wat dit geweest kon zijn. Toen ik hem op donderdag aan de lijn had waren mijn handen weer zo goed als droog. Het komt erop neer dat het waarschijnlijk een paar laatste stuiptrekkingen zijn geweest van de doorgebrande zenuwen. Wel heftige stuiptrekkingen, meestal zijn ze niet zo extreem. Vandaag is het zaterdag. Een week geleden lag ik nog in het ziekenhuis. Nu zit ik met een grote glimlach mijn verhaal te typen. Mijn handen zijn heerlijk. Voor het eerst in mijn leven vind ik mijn handen leuk, mooi en voelen ze lekker aan. Ik had nooit durven dromen dat het leuk zou zijn om mensen de hand te schudden. Maar dat is nu echt zo! Vanmiddag heb ik ook voor het eerst een flink stuk gelopen. Normaal zou mijn hoofd, en zeker mijn bovenlip, behoorlijk hebben gezweet. Nu was het alleen mijn buik en onderrug die een beetje zweetten. De operatie heeft mij een nieuw lichaam gegeven, het is spannend te ontdekken dat het nu anders reageert. Ik kan alleen maar ontzettend blij zijn met dit nieuwe lichaam en dankbaar dat er artsen zijn die zulke wonderen verrichten”.
32	Borstverwijdering bij borstkanker (ablatio)	borstkliniekoostnederland.nl borstkanker.nl
33	Staaroperatie	Broomfenac (Yellox) 1 druppel 1 druppel
34	Myomen	Nederlandse Vereniging van Obstetrie en Gynaecologie (NVOG), internet: nvog.nl/
35	Diabetische voet met osteomyelitis	- diabetische-voeten.nl
36	Carboplatin monotherapie, patiënteninformatie	3 4 5 6 7 8 9 10 11 12 13 14 15 16 17 18 19 20 21
37	Fietsinspanningsonderzoek met arteriele bloedgassen	Het onderzoek duurt 60 minuten.
38	Koolhydraat variatielijst diabetes mellitus	Websites Diabetesvereniging Nederland: www.dvn.nl Diabetesfonds: www.diabetesfonds.nl
39	Tofacitinib bij inflammatory bowel disease (IBD)	Het effect is ongeveer na acht weken te verwachten.
40	Revalidatie en chronische pijn	Het revalidatieprogramma bestaat uit een observatieperiode en een behandelperiode.
41	Eetproblematiek, vragenlijst observatie in dagbehandeling	gedronken? Graag toelichten. ____________________________________ ____________________________________ ____________________________________ ____________________________________ ____________________________________
42	Spirografie en bodyplethysmografie	Voor dit onderzoek is geen voorbereiding nodig.
43	Inhaleren met behulp van de Turbuhaler	Herhaal indien een tweede dosis is voorgeschreven vanaf stap 5.
44	Uitgezaaid melanoom, PIM	15
45	Buikoverzicht met markers	Het onderzoek duurt ongeveer vijf tot tien minuten.
46	Huidallergietest, longgeneeskunde	Het onderzoek duurt 30 minuten.
47	CT thorax	Het onderzoek duurt ongeveer 10 minuten.
48	Fietsinspanningsonderzoek	Het onderzoek duurt zestig minuten.
49	Echografie, scrotum bloedvaten	Voor dit onderzoek is geen voorbereiding nodig.
50	Eiwitvariatielijst	1 schaaltje magere kwark (10 g eiwit/100 g) 15
51	Koolhydraatbeperkt dieet bij diabetes mellitus	www.koolhydratentabel.nl www.koolhydraten.nl www.koolhydraatkenner.nl
52	Zoutbelastingstest	U hoeft niet nuchter te komen.
53	Maagkanker, PIM	Hoe ontstaat kanker? ......................................................................................... 7
54	Eetproblematiek, vragenlijst observatie in dagbehandeling	Voor- en achternaam kind: ___________________________________ Geboortedatum: ___________________________________ Datum dagopname: ___________________________________
55	Maagkanker, PIM	Bepalen van de behandeling(en)........................................................................ 12
56	Uitgezaaid melanoom, PIM	7
57	PIM chemotherapie	U krijgt uw kuur toegediend op de dagbehandeling oncologie. De oncologieverpleegkundige brengt het infuus in en sluit zij de chemotherapie aan. Wanneer tijdens de toediening de infuusarm pijnlijk wordt moet u dit direct melden! Nadat de chemotherapie is toegediend, volgt een rustperiode die uit enkele dagen of weken kan bestaan. Zo’n periode van toediening en rust noemen we één kuur. Over het algemeen schrijft uw specialist u meerdere kuren voor. Na iedere kuur krijgt u van de oncologieverpleegkundige een controleafspraak mee voor uw behandelend specialist of verpleegkundig specialist en tevens de afspraak op de dagbehandeling oncologie voor de volgende kuur. 3.1 Bloedonderzoek Voorafgaand aan iedere kuur worden uw bloedwaarden gecontroleerd. Uw specialist, verpleegkundig specialist of verpleegkundige bespreekt met u op welk moment dit plaatsvindt. U mag eventueel bij een buitenprikpost van Medlon bloed laten afnemen. 3.2 Opname Voor sommige kuren geldt dat u opgenomen moet worden, dit is afhankelijk van de chemokuur die u gaat krijgen. Wanneer dit voor u geldt, wordt u opgenomen op afdeling 5 west, looproute 5.4 in het ZGT Almelo. 3.3 Afdelingsregels tijdens toediening chemotherapie  - U wordt verzocht tijdens de toediening van de chemotherapie op uw kamer te blijven.  - Wanneer u met meerdere patiënten op een kamer verblijft, dient u tijdens de toediening zoveel mogelijk op uw bed/stoel te blijven.  - U mag gebruik maken van een toilet herkenbaar aan een gele driehoek waarop ‘cytostatica’ vermeld staat.  - Wanneer u gebruik maakt van het toilet dient u handschoenen aan te doen, deze liggen in de toiletruimte.  - Mannen worden geadviseerd om zittend op het toilet te urineren om spatten te voorkomen.  - Aangeraden wordt het toilet altijd twee keer door te spoelen met de wc-deksel dicht. Liever niet meer dan twee bezoekers per patiënt. 4. Beschermende maatregelen (thuis) Uit onderzoek is gebleken dat chemotherapie voor gezonde mensen schadelijk kan zijn. Laat de volgende informatie ook lezen aan de mensen die bij uw verzorging betrokken zijn! De eerste dagen na toediening van de chemotherapie zijn resten hiervan nog terug te vinden in uitscheidingsproducten. Onder uitscheidingsproducten verstaan we alles wat zichtbaar uit uw lichaam komt zoals urine, ontlasting, speeksel, braaksel, bloed, drain- en wondvocht, sperma en transpiratievocht. Of en hoelang uw uitscheidingsproducten risicovol zijn hangt af van het soort chemotherapie welke u toegediend krijgt. De oncologieverpleegkundige licht u hierover in. Omdat uw naasten thuis slechts gedurende korte tijd in aanraking komen met deze uitscheidingsproducten, zijn de risico’s voor hen heel klein. Toch vinden wij het belangrijk om u op een aantal zaken te wijzen. 4.1 Lichamelijk contact U hoeft lichamelijk contact met uw naasten niet te vermijden. Intiem contact, zoals het knuffelen of het geven van een zoen leidt niet tot schadelijke effecten. Het is niet bekend of, en in welke mate chemotherapie opgenomen worden in het sperma of het slijmvlies van de vagina. Gebruik daarom, gedurende de risicoperiode, bij het vrijen altijd een condoom. 4.2 Toiletgebruik  - Mannen doen er verstandig aan bij het plassen op het toilet te gaan zitten.  - Spoel het toilet na gebruik altijd tweemaal door met het wc-deksel dicht om spatten te voorkomen.  - Maak de wc eenmaal per dag schoon met een schoonmaakmiddel. Geen chloor of schoonmaakdoekjes gebruiken maar allesreiniger.  - Toiletblokjes tijdens de risicoperiode uit het toilet halen  - Na toilet bezoek goed uw handen wassen. Bij contact met urine en ontlasting adviseren wij verzorgers/naasten wegwerphandschoenen te dragen. Dit geldt ook voor contact met braaksel in de risicoperiode. 4.3 Besmet wasgoed Mocht uw kleding of beddengoed bevuild zijn met uw uitscheidingsproducten in de risicovolle periode doe dan het volgende:  - Spoel kleding eerst in de wasmachine met een koud spoelprogramma, hierna kunt u het wasprogramma kiezen dat geschikt is voor uw kleding.  - Erg bevuild wasgoed bijvoorbeeld na braken en urineverlies etc rechtstreeks in de wasmachine doen en eerst wassen met een koud spoelprogramma, hierna kunt u het wasprogramma kiezen dat geschikt is voor uw kleding.  - Was na contact met bevuild wasgoed goed uw handen met koud water. 4.4 Overige gebruikte materialen Voor gebruik van bestek, serviesgoed en andere gebruiksartikelen hoeft u geen speciale maatregelen te nemen. 4.5 Afval Afvalmaterialen zoals gebruikte handschoenen, matjes, incontinentiemateriaal, bakjes van braaksel of stomamateriaal kunt u verzamelen in een plastic zak en vervolgens in een plastic vuilniszak doen. Deze kunt u bij het normale huisvuil zetten. 4.6 Hygiëne bij chemotherapie in tabletvorm Als er bij uw behandeling gebruik wordt gemaakt van chemotherapie in tabletvorm die u thuis in moet nemen, dan kunt u letten op het volgende:  - Medicijnen niet malen.  - Als u de tabletten niet kunt slikken neem dan contact op met de oncologieverpleegkundige voor advies.  - Na inname goed uw handen wassen. 5. Mogelijke bijwerkingen chemotherapie Door het toedienen van chemotherapie kunnen bijwerkingen optreden. De mate waarin deze bijwerkingen kunnen voorkomen, is vooral afhankelijk van de soort en de dosering van de chemotherapie die u krijgt. De ernst van de bijwerkingen heeft niets te maken met het resultaat van de behandeling. Wij geven u onderstaande informatie zodat u bij eventuele bijwerkingen weet hoe u er het beste mee kunt omgaan. Ook krijgt u van uw behandelend specialist medicijnen voorgeschreven die de bijwerkingen van de chemokuur onderdrukken. 5.1 Verminderde eetlust, misselijkheid en braken Ondanks de huidige beschermende medicijnen tegen misselijkheid en braken kunnen deze klachten toch op treden. Dit kan per patiënt verschillend zijn. Hieronder staan een aantal adviezen om deze bijwerkingen te onderdrukken/milder te maken:  - Het is belangrijk dat u tijdens de kuur 1,5 tot 2 liter per dag drinkt. Te weinig drinken kan een misselijk gevoel vergroten en bijdragen aan een vieze smaak.  - Gekoelde en/of koolzuurhoudende dranken kunnen het gevoel van misselijkheid verminderen.  - Maak gebruik van meerdere kleine maaltijden per dag.  - Forceer het eten niet, haal de ‘schade’ in door tijdens de rustperiode goed te eten.  - Eet op tijdstippen waarop u minder misselijk bent, zelfs ’s nachts als u wakker bent.  - Zorg voor frisse lucht in de kamer en vermijd etensgeuren.  - Indien nodig (bij afvallen of toename gewicht) kan de diëtiste in consult komen voor begeleiding. Zie voor meer informatie https://www.voedingenkankerinfo.nl/voedingstips-bij- misselijkheid-en-braken/ 5.2 Algemene voedingsadviezen tijdens chemotherapie Om de kuren zo goed mogelijk te doorstaan, is het belangrijk om uw voedingstoestand zo goed mogelijk te houden. Indien u merkt dat u afvalt bespreek dit dan tijdens uw eerstvolgende bezoek in het ziekenhuis.  - U hoeft geen speciaal dieet te volgen tijdens de behandeling van chemotherapie. Streef dagelijks naar een volwaardige inname.  - Het is belangrijk meer eiwitten te eten wanneer je in behandeling bent. Eiwitten dragen bij aan herstel en behoud van spierkracht. Let op: indien u aanvullende chemokuren krijgt bij borstkanker komt tijdens het traject vaak ongewenste gewichtstoename voor. Gebruik bij deze kuren bij voorkeur magere eiwitrijke producten extra, zoals magere kwark, mager (Griekse) yoghurt en/of mager beleg.  - Gebruik bij ongewenst afvallen royaal boter of margarine en ruim beleg. Kies ook voor volvette producten.  - Neem geen grapefruit(sap) of kruisingen hiervan.  - Drink geen zogenaamde ‘afslankthee’ en kruidenthee of supplementen met Sint- Janskruid.  - Het advies is om tijdens de behandeling geen alcohol te drinken.  - Neem bij de middelen irinotecan, cisplatin en oxaliplatin en carboplatin 24 uur voor en 24 uur na het moment dat chemotherapie wordt toegediend geen visoliesupplementen. Vis eten is geen bezwaar.  - Indien nodig (bij ongewenst afvallen of ongewenst aankomen) kan de diëtist in consult komen voor begeleiding tijdens uw behandeling, vraag hierna bij uw oncologieverpleegkundige of arts.  - Indien u tijdelijk klachten heeft als braken en/of diarree komt dit veelal niet door de voeding, maar door bijwerken van de kuur. Dit is goed om te beseffen zodat u onnodig voeding weigert of laat staan. Kijk voor meer informatie op https://www.voedingenkankerinfo.nl 5.3 Smaakverandering Smaakverandering tijdens behandeling met chemotherapie kan leiden tot verminderde eetlust. Hier is weinig tegen te doen om dit te voorkomen. Er zijn wel vele tips en een stappenplan beschreven om zelf met smaakverandering in de voeding om te gaan.  - Indien alles anders, vies, minder of bijna niet meer smaakt probeer dan een keer iets toe te voegen of een keuze te maken uit de smaak van je voorkeur; zoet, zuur, zout, bitter of umami. Wat smaakt het best? Ga daar verder mee aan de slag.  - Kies bij te veel smaak voor neutrale smaken.  - Op de website https://www.voedingenkankerinfo.nl/recepten/ staan recepten die speciaal zijn ontwikkeld voor mensen die te maken hebben met smaakverandering.  - Bekijk het stappenplan via https://www.voedingenkankerinfo.nl/smaaksturing/ 5.4 Veranderingen aan de slijmvliezen Verandering van het mondslijmvlies Door de chemotherapie kan het mondslijmvlies zijn beschermende functie verliezen. De chemotherapie tast namelijk de gezonde toestand van uw mondslijmvlies aan waardoor dit geïrriteerd kan raken. Soms kunnen er ook wondjes in uw mond ontstaan. Om de kans op infectie te verminderen is een goede en regelmatige mondverzorging van belang. Daarom de volgende adviezen.  - Poets de tanden tenminste vier keer daags, na iedere maaltijd en voor het slapengaan. Gebruik een schone, zachte tandenborstel en een tandpasta die fluoride bevat. Spoel daarna uw mond met (zout) water (een afgestreken theelepel zout in een flinke beker lauw water oplossen) gedurende minimaal een minuut. Bij geïrriteerd tandvlees kan spoelen met groene thee, kamille thee of bessensap ook verlichting geven. Gebruik geen lysterine of alcohol bevattende mondspoeling.  - Smeer uw lippen vier keer per dag dun in met vaseline crème of een lippenbalsem bv Labello, zodat er minder snel kloofjes ontstaan.  - Als er blaasjes of andere pijnlijke plekjes in uw mond ontstaan, neem dan contact op met de oncologieverpleegkundige.  - Als u een gebitsprothese draagt maak deze goed schoon met een tandenborstel, water en tandpasta.  - Zorg voor een goed passende gebitsprothese en laat hem ’s nachts het liefst uit.  - Bij een droge mond kauwen of zuigen op een ijsblokje, verse ananas, suikervrije zuurtjes en xylitol bevattende kauwgom. Kijk voor meer informatie op https://www.voedingenkankerinfo.nl/voedingstips-bij-een- droge-mond/ Vermeld bij een bezoek aan de tandarts of mondhygiënist altijd dat u met chemotherapie behandeld wordt. Is behandeling aan uw gebit noodzakelijk, overleg dit altijd eerst met uw behandelend specialist, verpleegkundig specialist of de oncologie verpleegkundige. Verandering van het darmslijmvlies Chemotherapie kan het slijmvlies van de darmen irriteren, waardoor u last kunt krijgen van diarree of juist van verstopping (obstipatie). Bij diarree:  - Zorg dat u voldoende drinkt, minimaal twee liter vocht per 24 uur  - Gebruik per dag een aantal koppen bouillon of soep  - Gebruik meerdere kleine maaltijden per dag  - Vermijd gasvormende producten zoals ui en prei  - Heeft u langer dan 24 uur diarree, neem dan contact op met de oncologieverpleegkundige Kijk voor meer informatie op https://www.voedingenkankerinfo.nl/voedingstips-bij- diarree/ Bij verstopping:  - Zorg dat u voldoende drinkt, minimaal twee liter vocht per 24 uur  - Gebruik vezelrijke voeding.  - Zorg voor voldoende lichaamsbeweging, dagelijks minimaal dertig minuten.  - Indien nodig kan de specialist medicatie voorschrijven die de stoelgang bevordert.  - Heeft u langer dan 48 uur geen ontlasting gehad, neem dan contact op met oncologieverpleegkundige. Kijk voor meer informatie op https://www.voedingenkankerinfo.nl/voedingstips-bij- obstipatie/ Verandering aan het oogslijmvlies Door de invloed van chemotherapie op het slijmvlies, kunnen uw ogen droog en branderig aanvoelen. Het kan ook zijn dat uw ogen juist meer gaan tranen. Wanneer u klaar bent met de behandeling zullen deze klachten vanzelf overgaan. Indien u dit als hinderlijk ervaart, neem dan contact op met de oncologieverpleegkundige. 5.5 Vermoeidheid/verminderde energie Het is vaak niet duidelijk of de vermoeidheid van de ziekte of van de behandeling komt. Het meest waarschijnlijke is dat het met allebei te maken heeft. U kunt merken dat u tijdens deze behandeling minder energie heeft, sneller moe bent en emotioneel kunt zijn. Sommige mensen blijven ook na een behandeling en zelfs na genezing van de kanker vermoeid. Als er geen oorzaak voor die klachten te vinden is, dan zult u met uw vermoeidheid moeten leren omgaan. Dat betekent echter niet dat er geen verbetering mogelijk is! Beweging tijdens chemotherapie Uit onderzoek bij volwassenen met de meest voorkomende kankersoorten is gebleken dat mensen die lichamelijk actief blijven tijdens de chemotherapie daar voordelige effecten van ervaren tijdens en na het afronden van de chemotherapie. Het effect is het grootst bij mensen die onder begeleiding trainen. Patiënten die deelnemen aan fysieke training blijken de chemotherapie beter te kunnen verdragen. Bovendien ervaren ze minder last van vermoeidheid. Voeding tijdens chemotherapie Voor behoud op opbouw van lichamelijke kracht is het belangrijk dat je voldoende en goed eet om zo alle benodigde voedingsstoffen binnen te krijgen. Kijk voor meer informatie op https://www.voedingenkankerinfo.nl/voedingstips-bij- vermoeidheid/ Enkele andere tips:  - Gaat u iets ondernemen dat extra energie kost, neem dan van tevoren voldoende rust en pas ook uw schema van de volgende dag aan.  - Het maken van een dagindeling brengt niet alleen structuur, het spaart op den duur ook energie.  - Maak gebruik van hulpmiddelen. Wordt u moe van het nemen van een douche? Pak er een douchestoel of krukje bij en rust even uit. Gebruik na het douchen of bad een badjas, op deze manier hoeft u zich niet met een handdoek af te drogen.  - Stel uw grenzen, werk niet te lang door en neem af en toe korte pauze.  - Het helpt als uw doelen realistisch zijn. Misschien kunt u (nog) niet buitenshuis werken, maar wel thuis wat klussen doen of bijvoorbeeld de (klein)kinderen voorlezen.  - Stel prioriteiten en probeer alleen die dingen te doen die u belangrijk vindt. De minder belangrijke dingen kunt u bewaren voor de dagen dat u extra energie heeft. Misschien wil iemand anders u ook wel helpen met de minder belangrijke dingen.  - Durf NEE te zeggen!  - Een prestatie leveren. Het voelt goed wanneer u iets gedaan heeft waarvan u dacht dat u het niet (meer) kon. 5.6 Dun of uitvallend haar Er zijn bepaalde soorten van chemotherapie die als bijwerking haaruitval geven. Tegen haaruitval is meestal niets te doen. Het is ook tijdelijk. Meestal begint het uitvallen van het haar vijftien tot twintig dagen na de eerste chemokuur. Naast het hoofdhaar verliest u ook uw lichaamsbeharing. De haren van wenkbrauwen en wimpers vallen wat minder snel uit. Soms beginnen de haren al tijdens de behandeling weer te groeien. In de meeste gevallen begint het pas vier tot zes weken na de laatste kuur weer te groeien, en dan met ongeveer 1 cm per maand. Voor aanvang van de behandeling wordt er met u besproken of een pruik nodig zal zijn en waar u die kunt verkrijgen. Ook ontvangt u een machtiging zodat u (een deel van) de kosten van de pruik kunt declareren bij uw zorgverzekering. Pruiken zijn in diverse kwaliteiten en prijsklassen leverbaar. Het is verstandig om vooraf bij de ziektekostenverzekeraar te informeren naar de hoogte van de vergoeding voor een pruik. U kunt het beste vroegtijdig, voor het haar gaat uitvallen, een (vrijblijvende) afspraak maken bij de kapper zodat hij uw haardracht kan zien. Veel mensen vinden het prettiger het haar kort te laten knippen voordat het gaat uitvallen. Bij snel uitvallend haar kan de hoofdhuid gevoelig en/of pijnlijk zijn. Wanneer uw haar niet uitvalt: Verzorg uw haar voorzichtig. Was het met lauw water, gebruik een milde shampoo en een crèmespoeling; droog het haar voorzichtig. Het permanenten of verven van uw haar is af te raden, omdat dit het haar nog meer beschadigt. Haar is een isolatiebron. Wanneer u uw haren bent verloren of het alleen maar dunner is geworden kunt u het sneller koud krijgen. Wanneer u geen pruik draagt kan het prettig zijn een sjaaltje of muts te dragen (bijvoorbeeld ’s nachts). Hoofdhuidkoeling Bij sommige soorten chemotherapie is het mogelijk haaruitval te voorkomen/verminderen middels hoofdhuidkoeling. Wanneer u hiervoor in aanmerking komt wordt dit met u besproken door de specialist of oncologieverpleegkundige. 5.7 Invloed op de werking van het beenmerg In het beenmerg worden de bloedcellen aangemaakt. Chemotherapie kan deze aanmaak remmen. Om deze reden is het van belang dat uw bloed regelmatig wordt gecontroleerd. Een verminderd aantal witte bloedlichaampjes (leukocyten) geeft verhoogde kans op infectie. Bacteriën of ziekten die voor de gezonde mens weinig gevaar opleveren kunnen bij u tot heftige reacties leiden met hoge koorts. Afhankelijk van het soort chemotherapie die u krijgt varieert dit tussen zeven-twaalf dagen. Men noemt dit ook wel ‘de dipperiode’. U kunt niets doen om deze ‘dip’ tegen te gaan. U kunt wel een aantal maatregelen nemen die de kans op een infectie tijdens de ‘dipperiode’ zoveel mogelijk beperken:  - Probeer infectie te voorkomen: Zorg voor een goede hand en lichaamshygiëne zoals extra vaak de handen wassen, alleen in de tuin werken met handschoenen aan en geen hokken van dieren of de kattenbak schoonmaken.  - Vermijd contact met mensen die griep of een infectie hebben.  - Zorg voor een goede, regelmatige mondverzorging.  - Controleer eventuele wondjes op ontstekingsverschijnselen: roodheid, warmte, zwelling en pijn.  - Neem direct contact op met de dagbehandeling oncologie bij koorts (vanaf 38,5 °C). Omdat u chemotherapie krijgt adviseren wij u zich in het najaar te laten vaccineren tegen de griep. Als u geen oproep heeft gekregen van uw huisarts neem dan eind september/begin oktober contact op met uw huisarts. Het meest geschikte moment om u te laten vaccineren is enkele dagen voordat u de volgende kuur krijgt toegediend. Een verminderd aantal bloedplaatjes (trombocyten) geeft verhoogde kans op blauwe plekken, een bloedneus, bloedend tandvlees en heftige menstruatie. Wat kunt u zelf doen?  - Bespreek de medicatie die u gebruikt met de specialist.  - Voorkom blauwe plekken; pas op met stoten en krab geen wondjes open.  - Voorkom gebruik van scherpe voorwerpen, elektrisch scheren heeft de voorkeur.  - Gebruik een zachte tandenborstel.  - Meet de temperatuur met een (oor) thermometer.  - Stelp een eventueel bloedende wondje/bloedneus.  - Neem direct contact op met de dagbehandeling oncologie bij het spontaan optreden van blauwe plekken en bij het regelmatig voorkomen van een moeilijk te stelpen bloedneus/wondje. Een verminderd aantal rode bloedlichaampjes (erythrocyten) veroorzaakt bloedarmoede. Hierdoor kunt u extra vermoeid zijn. Ook kan dit klachten geven van duizeligheid, hoofdpijn, bleek zien, kortademigheid, hartkloppingen en een koude gevoel. Wanneer u last heeft van bovenstaande klachten neem dan contact op met de dagbehandeling oncologie. Soms kan een bloedtransfusie noodzakelijk zijn. In het algemeen heeft gebruik van extra vitaminen en/of ijzertabletten geen invloed op het herstel van het beenmerg. 5.8 Huid- en nagelveranderingen Door de behandeling met chemotherapie wordt de huid kwetsbaarder en hebben de nagels een verstoorde groei. Er kunnen huidveranderingen optreden, de huid kan droog en/of schilferig worden, maar kan ook veranderen van kleur. Daarnaast kan uw huid gevoeliger zijn dan normaal en sneller verbranden in de zon. Pigmentvlekken kunnen onder invloed van zonlicht ontstaan. Hoe kunt u uw huid en nagels het beste verzorgen?  - Gebruik huidvriendelijke verzorgingsproducten zonder parfum, het liefst PH-neutraal.  - Stel uzelf gedurende de behandeling en de eerste zes tot twaalf maanden na de laatste chemokuur niet bloot aan overmatig zonlicht/zonnebank. Smeer alle aan de zon blootgestelde lichaamsvlakken goed in met een zonnebrandcrème met een hoge beschermingsfactor.  - Uw nagels kunnen verkleuren, kunnen zacht worden en daardoor gemakkelijk afscheuren. Houd daarom uw nagels kort geknipt en gebruik minimaal twee keer daags een handcrème om de nagels van handen en voeten mee in te smeren.  - Bij bepaalde soorten chemotherapie wordt een behandeling door een pedicure afgeraden. Is behandeling door een pedicure noodzakelijk, overleg dit altijd eerst met uw behandelend specialist, verpleegkundig specialist of de oncologie verpleegkundige. 5.9 Verandering van de zintuigen Door de behandeling met sommige soorten chemotherapie kunnen zenuwen beschadigd raken. Men spreekt dan van neuropathie. Tast U kunt klachten krijgen van:  - Pijn of tintelingen in handen en voeten vaak omschreven als speldenprikken of een brandend of knellend gevoel.  - Verminderd of een slapend gevoel in handen en voeten.  - Zwaar of zwak aanvoelende armen en benen.  - Door verminderd gevoel in voeten een verstoorde balans met lopen, een gevoel van op watten te lopen, gemakkelijk struikelen.  - Verminderd gevoel voor warmte en koude.  - Problemen met de fijne motoriek zoals schrijven of het vastmaken van knoopjes. Gehoor Problemen met uw gehoor: oorsuizing of hoge tonen doofheid. Er is geen middel om een neuropathie te voorkomen. Het is belangrijk om meteen in het begin vast te stellen of u klachten door een neuropathie heeft. Wanneer u één of meerdere van bovenstaande klachten heeft, meld dit dan bij het eerstvolgende bezoek aan de behandelend specialist, verpleegkundig specialist of oncologieverpleegkundige. De behandeling met chemotherapie kan dan eventueel aangepast worden. 5.10 Vruchtbaarheid, menstruatiestoornissen en anticonceptie Zowel bij mannen als bij vrouwen kan chemotherapie de vruchtbaarheid aantasten. Bij een aantal patiënten herstelt de vruchtbaarheid zich weer, bij anderen is de onvruchtbaarheid blijvend. Indien u in de vruchtbare leeftijd bent, bespreek dan met uw behandelend specialist welke consequenties de chemotherapie voor u heeft en of het invriezen van sperma of eicellen vóór het starten met de behandeling zinvol of wenselijk is. Overleg ook over het gebruik van anticonceptiemiddelen. Orale anticonceptiva (‘de pil’) zijn niet betrouwbaar tijdens chemotherapie. Chemotherapie kan de hormoonhuishouding dusdanig beïnvloeden, dat overgangsklachten worden ervaren. Voorbeelden zijn: opvliegers, vaginale droogheid en stemmingswisselingen. Bij vrouwen die nog menstrueren, kan de menstruatie uitblijven. In sommige gevallen kan het heviger worden. Het uitblijven van de menstruatie wil niet zeggen dat u geen risico loopt op een zwangerschap. Gebruik daarom altijd een voorbehoedsmiddel bij geslachtsgemeenschap. 5.11 Invloed op de seksualiteit Chemotherapie vergt veel van uw conditie; het ervaren van bijwerkingen kunnen de zin in vrijen ontnemen. Ook verwerking van uw ziekte en mogelijke angst of schaamte door verandering van uw lichaam door operatie of chemotherapie, kunnen u de zin in seksueel contact met uw partner ontnemen. De behoefte aan tederheid en knuffelen kan juist toenemen. Zoals al eerder beschreven is niet bekend of, en in welke mate chemotherapie opgenomen worden in het sperma of het slijmvlies van de vagina. Gebruik daarom, gedurende de risicoperiode, bij het vrijen altijd een condoom. Bij vrouwen kan door de behandeling met chemotherapie de hormoonproductie veranderen. Daardoor kan de vaginawand dunner en kwetsbaarder worden met als gevolg jeuk, verminderde vochtproductie, afscheiding en een branderig gevoel tijdens en na de geslachtsgemeenschap. Door een verminderde weerstand hebt u meer kans op een vaginale schimmelinfectie tijdens de behandeling. Meld het bij uw behandelend specialist, verpleegkundig specialist of oncologieverpleegkundige als u vaginale jeuk, pijn of veranderde afscheiding hebt. Is vrijen pijnlijk door een droge vagina, dan kan een glij crème uitkomst bieden. Een glij crème als Sensilube® is te koop bij drogist of apotheek. Deze vaginale droogheid kan in sommige gevallen nog een hele tijd na de behandeling blijven bestaan. Bij mannen kunnen erectieproblemen optreden, doordat de testosteronproductie is afgenomen. Doorgaans komt dit na de behandeling weer geleidelijk terug. Problemen op seksueel gebied zijn soms moeilijk bespreekbaar. Er kunnen zich problemen voordoen op dit gebied die u zelf niet op kunt lossen. U kunt dit met uw behandelend specialist, verpleegkundig specialist of oncologieverpleegkundige bespreken. Indien nodig kan deze u doorverwijzen naar deskundigen op dit gebied. 5.12 Overgevoeligheidsreacties Door bepaalde soorten chemotherapie kan een overgevoeligheidsreactie optreden tijdens en vlak na de toediening van deze medicijnen. Uw specialist of oncologieverpleegkundige zal u vertellen of dit voor u geldt. U kunt last krijgen van duizeligheid, benauwdheid, zweten, koorts, rillingen, huidreacties en/of hartkloppingen. Wanneer u deze klachten krijgt meldt dit dan onmiddellijk aan de oncologieverpleegkundige. 5.13 Emotionele veranderingen De behandeling kan aanleiding geven tot diverse psychosociale klachten, voor zowel uzelf als voor uw naasten. Wanneer u angstig of onzeker bent, zich machteloos voelt, last hebt van somberheid of een schuldgevoel of (blijvend) boos bent, probeer dit dan bespreekbaar te maken. De oncologieverpleegkundige vraagt ook regelmatig hoe het met u gaat. Doorverwijzing naar andere hulpverleners zoals maatschappelijk werker, geestelijk verzorger, seksuoloog of klinisch psycholoog is mogelijk.
58	Vinorelbine monotherapie, patiënteninformatie	1. Vinorelbine
59	MRI, Enteroclyse	Kaas zonder pitjes, vleeswaren, jam zonder pitjes, pasta, hagelslag.
60	Fast-Track polikliniek CT-calciumscore en myocardperfusiescan	De rijvaardigheid wordt niet beïnvloed.
61	Mic-key button	De hele procedure duurt ongeveer een half uur.
62	Carboplatin_Gemcitabine, patiënteninformatie	2 3 4 5 6 7 8 9 10 11 12 13 14 15 16 17 18 19 20 21
63	Docetaxel_cyclofosfamide, patiënteninformatie	C
64	Choline PET-scan, Bijschildklier	Voor u is een afspraak gemaakt op dag - - 2023
65	Lyricx studie, arm 2, CapCar, patiënteninformatie	CA
66	Urineverlies, meten van (PAD-test)	Datum Tijdstip Gewicht verbruikt verband Verschil in gewicht Bijzonderheden
67	Pijnbestrijding tijdens de bevalling	- zgt.nl
68	Anesthesie volwassenen	bent kan de operatie niet doorgaan.
69	Inbrengen nierdrain	U krijgt de controleafspraak per post thuis gestuurd.
70	Gemcitabine_capecitabine, patiënteninformatie	Ca Ca Ca Ca Ca Ca Ca Ca Ca G Ca Ca Ca Ca Ca Ca Ca Ca Ca Ca Ca Ca Ca Ca G Ca Ca Ca Ca Ca Ca Ca Ca Ca Ca Ca Ca Ca Ca
71	Mammografie	Het onderzoek duurt ongeveer 20 minuten.
72	MRI, Enteroclyse	Alle.
73	CT scan voor en na contrast	Na het onderzoek mag u weer normaal eten en drinken.
74	Longmedicatie folder	� Atrovent Ipratropium � Combivent Salbutamol/ Ipratropium � Berodual Fenoterol/ Ipratropium
75	Bendamustine _ Rituximab, patiënteninformatie	2 3 4 5 6 7 8 9 10 11 12 13 14 15 16 17 18 19 20 21 22 23 24 25 26 27 28
76	MRI, Endometriose	Witte rijst, pasta.
77	Eetproblematiek, vragenlijst observatie in dagbehandeling	en door wie? ____________________________________ ____________________________________
78	Ontslaginformatie voor patiënten na een slokdarmoperatie	____________________________________ ____________________________________ ____________________________________ ____________________________________ ____________________________________ ____________________________________ _____________________________
79	MRI, Endometriose	Vruchtensappen, chocolademelk.
80	Ontslaginformatie voor patiënten na een darmoperatie	____________________________________ ____________________________________ ____________________________________ ____________________________________ ____________________________________ ____________________________________ ____________________________________
81	Inhaleren met een voorzetkamer met masker	Verwijder de beschermdop van de dosisaërosol.
82	Inhaleren met een voorzetkamer met mondstuk	Schud de dosisaërosol krachtig.
83	Docetaxel, patiënteninformatie	1. Docetaxel (=Taxotere)
84	Voeding, vloeibare na een slokdarmresectie	- Een flesje drinkvoeding of vla, yoghurt of chocolademelk
85	CHOEP, patiënteninformatie	P
86	Neusprovocatie histamine	72 uur van te voren staken Oxomemazine Toplexil
87	Meerlingzwangerschap	documenten Vsvtwente.nl
88	Obinutuzumab i.c.m. Bendamustine, patiënteninformatie	Kuur 2 en verder 1 2 3 4 5 6 7 8 9 1 0 1 1 1 2 1 3 1 4 1 5 1 6 1 7 1 8 1 9 2 0 2 1 2 2 2 3 2 4 2 5 2 6 2 7 2 8 O B
89	CT scan	Het onderzoek duurt ongeveer 5 minuten.
90	Inhaleren met behulp van de Turbuhaler	Adem rustig uit.
91	Uitgezaaid melanoom, PIM	9
92	Paclitaxel_Carboplatin i.c.m. radiotherapie, patiënteninformatie	Het verloop van de Paclitaxel /Carboplatin kuur (in combinatie met
93	Doxetaxel_Carboplatin_Trastuzumab, patiënteninformatie	2 3 4 5 6 7 8 9 10 11 12 13 14 15 16 17 18 19 20 21
94	Colchicine	- Neem contact op met uw reumatoloog of huisarts bij bijwerkingen.
95	Cystogram	Gebruikt u medicatie dan kunt u dit blijven innemen.
96	MRI, Endometriose	Alle.
97	Ik heb een klacht	Schadeclaim Raad van Bestuur ZGT Postbus 7600 7600 SZ Almelo
98	Atezolizumab _ nab-paclitaxel	N A
99	Tapestry studie, patiënteninformatie	-
